File Name,Local Path
ai_001.jpg,AiArtData/ai_001.jpg
ai_002.jpg,AiArtData/ai_002.jpg
ai_003.jpg,AiArtData/ai_003.jpg
ai_004.jpg,AiArtData/ai_004.jpg
ai_005.png,AiArtData/ai_005.png
ai_006.png,AiArtData/ai_006.png
ai_007.jpg,AiArtData/ai_007.jpg
ai_008.png,AiArtData/ai_008.png
ai_009.png,AiArtData/ai_009.png
ai_010.jpg,AiArtData/ai_010.jpg
ai_011.png,AiArtData/ai_011.png
ai_012.jpg,AiArtData/ai_012.jpg
ai_013.jpg,AiArtData/ai_013.jpg
ai_014.jpg,AiArtData/ai_014.jpg
ai_015.png,AiArtData/ai_015.png
ai_016.jpeg,AiArtData/ai_016.jpeg
ai_017.jpg,AiArtData/ai_017.jpg
ai_018.jpg,AiArtData/ai_018.jpg
ai_019.jpg,AiArtData/ai_019.jpg
ai_020.jpg,AiArtData/ai_020.jpg
ai_021.jpg,AiArtData/ai_021.jpg
ai_022.jpg,AiArtData/ai_022.jpg
ai_023.jpg,AiArtData/ai_023.jpg
ai_024.jpg,AiArtData/ai_024.jpg
ai_025.jpg,AiArtData/ai_025.jpg
ai_026.jpg,AiArtData/ai_026.jpg
ai_027.jpg,AiArtData/ai_027.jpg
ai_028.jpg,AiArtData/ai_028.jpg
ai_029.jpg,AiArtData/ai_029.jpg
ai_030.jpg,AiArtData/ai_030.jpg
ai_031.jpg,AiArtData/ai_031.jpg
ai_032.jpg,AiArtData/ai_032.jpg
ai_033.png,AiArtData/ai_033.png
ai_034.png,AiArtData/ai_034.png
ai_035.jpg,AiArtData/ai_035.jpg
ai_036.jpg,AiArtData/ai_036.jpg
ai_037.jpg,AiArtData/ai_037.jpg
ai_038.jpg,AiArtData/ai_038.jpg
ai_039.png,AiArtData/ai_039.png
ai_040.png,AiArtData/ai_040.png
ai_041.png,AiArtData/ai_041.png
ai_042.png,AiArtData/ai_042.png
ai_043.jpeg,AiArtData/ai_043.jpeg
ai_044.png,AiArtData/ai_044.png
ai_045.jpg,AiArtData/ai_045.jpg
ai_046.jpg,AiArtData/ai_046.jpg
ai_047.png,AiArtData/ai_047.png
ai_048.jpg,AiArtData/ai_048.jpg
ai_049.png,AiArtData/ai_049.png
ai_050.png,AiArtData/ai_050.png
ai_051.png,AiArtData/ai_051.png
ai_052.png,AiArtData/ai_052.png
ai_053.png,AiArtData/ai_053.png
ai_054.png,AiArtData/ai_054.png
ai_055.png,AiArtData/ai_055.png
ai_056.png,AiArtData/ai_056.png
ai_057.png,AiArtData/ai_057.png
ai_058.png,AiArtData/ai_058.png
ai_059.png,AiArtData/ai_059.png
ai_060.png,AiArtData/ai_060.png
ai_061.png,AiArtData/ai_061.png
ai_062.jpeg,AiArtData/ai_062.jpeg
ai_063.png,AiArtData/ai_063.png
ai_064.jpeg,AiArtData/ai_064.jpeg
ai_065.png,AiArtData/ai_065.png
ai_066.png,AiArtData/ai_066.png
ai_067.png,AiArtData/ai_067.png
ai_068.png,AiArtData/ai_068.png
ai_069.jpeg,AiArtData/ai_069.jpeg
ai_070.jpeg,AiArtData/ai_070.jpeg
ai_071.png,AiArtData/ai_071.png
ai_072.png,AiArtData/ai_072.png
ai_073.png,AiArtData/ai_073.png
ai_074.png,AiArtData/ai_074.png
ai_075.jpg,AiArtData/ai_075.jpg
ai_076.jpg,AiArtData/ai_076.jpg
ai_077.jpg,AiArtData/ai_077.jpg
ai_078.jpg,AiArtData/ai_078.jpg
ai_079.jpg,AiArtData/ai_079.jpg
ai_080.jpg,AiArtData/ai_080.jpg
ai_081.jpg,AiArtData/ai_081.jpg
ai_082.png,AiArtData/ai_082.png
ai_083.png,AiArtData/ai_083.png
ai_084.jpg,AiArtData/ai_084.jpg
ai_085.jpg,AiArtData/ai_085.jpg
ai_086.jpg,AiArtData/ai_086.jpg
ai_087.jpg,AiArtData/ai_087.jpg
ai_088.jpg,AiArtData/ai_088.jpg
ai_089.jpeg,AiArtData/ai_089.jpeg
ai_090.jpg,AiArtData/ai_090.jpg
ai_091.jpg,AiArtData/ai_091.jpg
ai_092.jpg,AiArtData/ai_092.jpg
ai_093.jpg,AiArtData/ai_093.jpg
ai_094.jpg,AiArtData/ai_094.jpg
ai_095.jpg,AiArtData/ai_095.jpg
ai_096.jpg,AiArtData/ai_096.jpg
ai_097.jpg,AiArtData/ai_097.jpg
ai_098.jpg,AiArtData/ai_098.jpg
ai_099.jpg,AiArtData/ai_099.jpg
ai_100.jpg,AiArtData/ai_100.jpg
ai_101.jpg,AiArtData/ai_101.jpg
ai_102.jpg,AiArtData/ai_102.jpg
ai_103.jpg,AiArtData/ai_103.jpg
ai_104.jpg,AiArtData/ai_104.jpg
ai_105.jpg,AiArtData/ai_105.jpg
ai_106.jpg,AiArtData/ai_106.jpg
ai_107.jpg,AiArtData/ai_107.jpg
ai_108.png,AiArtData/ai_108.png
ai_109.jpg,AiArtData/ai_109.jpg
ai_110.jpg,AiArtData/ai_110.jpg
ai_111.jpg,AiArtData/ai_111.jpg
ai_112.jpg,AiArtData/ai_112.jpg
ai_113.jpg,AiArtData/ai_113.jpg
ai_114.jpg,AiArtData/ai_114.jpg
ai_115.jpg,AiArtData/ai_115.jpg
ai_116.jpeg,AiArtData/ai_116.jpeg
ai_117.jpg,AiArtData/ai_117.jpg
ai_118.jpeg,AiArtData/ai_118.jpeg
ai_119.jpeg,AiArtData/ai_119.jpeg
ai_120.jpg,AiArtData/ai_120.jpg
ai_121.jpg,AiArtData/ai_121.jpg
ai_122.jpeg,AiArtData/ai_122.jpeg
ai_123.jpg,AiArtData/ai_123.jpg
ai_124.jpeg,AiArtData/ai_124.jpeg
ai_125.jpg,AiArtData/ai_125.jpg
ai_126.jpg,AiArtData/ai_126.jpg
ai_127.jpg,AiArtData/ai_127.jpg
ai_128.jpg,AiArtData/ai_128.jpg
ai_129.jpeg,AiArtData/ai_129.jpeg
ai_130.png,AiArtData/ai_130.png
ai_131.jpg,AiArtData/ai_131.jpg
ai_132.jpg,AiArtData/ai_132.jpg
ai_133.jpg,AiArtData/ai_133.jpg
ai_134.jpg,AiArtData/ai_134.jpg
ai_135.jpg,AiArtData/ai_135.jpg
ai_136.jpeg,AiArtData/ai_136.jpeg
ai_137.jpg,AiArtData/ai_137.jpg
ai_138.jpg,AiArtData/ai_138.jpg
ai_139.jpg,AiArtData/ai_139.jpg
ai_140.png,AiArtData/ai_140.png
ai_141.jpg,AiArtData/ai_141.jpg
ai_142.jpg,AiArtData/ai_142.jpg
ai_143.jpeg,AiArtData/ai_143.jpeg
ai_144.png,AiArtData/ai_144.png
ai_145.jpg,AiArtData/ai_145.jpg
ai_146.jpg,AiArtData/ai_146.jpg
ai_147.jpg,AiArtData/ai_147.jpg
ai_148.jpg,AiArtData/ai_148.jpg
ai_149.jpg,AiArtData/ai_149.jpg
ai_150.jpg,AiArtData/ai_150.jpg
ai_151.png,AiArtData/ai_151.png
ai_152.jpg,AiArtData/ai_152.jpg
ai_153.jpg,AiArtData/ai_153.jpg
ai_154.jpg,AiArtData/ai_154.jpg
ai_155.jpg,AiArtData/ai_155.jpg
ai_156.png,AiArtData/ai_156.png
ai_157.jpeg,AiArtData/ai_157.jpeg
ai_158.png,AiArtData/ai_158.png
ai_159.jpeg,AiArtData/ai_159.jpeg
ai_160.jpeg,AiArtData/ai_160.jpeg
ai_161.jpeg,AiArtData/ai_161.jpeg
ai_162.jpg,AiArtData/ai_162.jpg
ai_163.jpg,AiArtData/ai_163.jpg
ai_164.jpg,AiArtData/ai_164.jpg
ai_165.jpg,AiArtData/ai_165.jpg
ai_166.jpg,AiArtData/ai_166.jpg
ai_167.jpg,AiArtData/ai_167.jpg
ai_168.jpg,AiArtData/ai_168.jpg
ai_169.jpg,AiArtData/ai_169.jpg
ai_170.png,AiArtData/ai_170.png
ai_171.jpg,AiArtData/ai_171.jpg
ai_172.jpg,AiArtData/ai_172.jpg
ai_173.jpg,AiArtData/ai_173.jpg
ai_174.png,AiArtData/ai_174.png
ai_175.jpg,AiArtData/ai_175.jpg
ai_176.jpg,AiArtData/ai_176.jpg
ai_177.jpeg,AiArtData/ai_177.jpeg
ai_178.jpg,AiArtData/ai_178.jpg
ai_179.png,AiArtData/ai_179.png
ai_180.jpg,AiArtData/ai_180.jpg
ai_181.jpg,AiArtData/ai_181.jpg
ai_182.jpg,AiArtData/ai_182.jpg
ai_183.png,AiArtData/ai_183.png
ai_184.jpg,AiArtData/ai_184.jpg
ai_185.jpeg,AiArtData/ai_185.jpeg
ai_186.jpg,AiArtData/ai_186.jpg
ai_187.jpg,AiArtData/ai_187.jpg
ai_188.jpg,AiArtData/ai_188.jpg
ai_189.jpg,AiArtData/ai_189.jpg
ai_190.jpg,AiArtData/ai_190.jpg
ai_191.jpg,AiArtData/ai_191.jpg
ai_192.jpg,AiArtData/ai_192.jpg
ai_193.jpg,AiArtData/ai_193.jpg
ai_194.jpg,AiArtData/ai_194.jpg
ai_195.png,AiArtData/ai_195.png
ai_196.jpg,AiArtData/ai_196.jpg
ai_197.jpg,AiArtData/ai_197.jpg
ai_198.jpg,AiArtData/ai_198.jpg
ai_199.jpg,AiArtData/ai_199.jpg
ai_200.jpg,AiArtData/ai_200.jpg
ai_201.jpeg,AiArtData/ai_201.jpeg
ai_202.png,AiArtData/ai_202.png
ai_203.jpeg,AiArtData/ai_203.jpeg
ai_204.png,AiArtData/ai_204.png
ai_205.jpg,AiArtData/ai_205.jpg
ai_206.png,AiArtData/ai_206.png
ai_207.jpg,AiArtData/ai_207.jpg
ai_208.jpg,AiArtData/ai_208.jpg
ai_209.jpg,AiArtData/ai_209.jpg
ai_210.jpg,AiArtData/ai_210.jpg
ai_211.jpg,AiArtData/ai_211.jpg
ai_212.jpg,AiArtData/ai_212.jpg
ai_213.jpg,AiArtData/ai_213.jpg
ai_214.png,AiArtData/ai_214.png
ai_215.png,AiArtData/ai_215.png